{"wrrt":[0.26,0.5,0.66,0.89,1.13,1.39,1.67,1.84,1.95],"lbft":[0.15,0.21,0.33,0.4,0.5,0.61,0.72,0.84,0.93],"wlct":[0.2,0.32,0.5,0.63,0.71,0.93,1.13,1.22,1.37],"load":[0,0,9.456403448532399,3.335528822804818,31.945387404088585,75.74553459972998,93.80344566193031,73.78350791740313,85.12359820678266,62.08530899412841,89.35140181089777,68.29948597801959,116.40753086735603,90.18929818431984,66.27474443506395,101.43234545483898,79.03189170745726,60.325761902062254,89.5117894894664,65.49829079941809,114.40650746016357,82.65700923292951,59.12615474501732,102.48930002000318,76.6531348159268,107.93600581584127,82.93070345831578,65.30020879607339,109.64019869037499,87.67443893719528,68.8589658302293,111.55131722042424,78.73449097336933,56.647995094270165,57.0441511137414,66.62909166785818,83.90751611818399,65.37604475892783,61.33456018555602,79.90580871158068,57.117028768275524,73.25084215883204,122.8900136631376,86.06076022226036,65.21003740250401,114.08226381363056,84.73944758350841,60.28917873023979,87.91509503261247,66.20522660972696,72.66355328970954,140.6385449807757,101.49574416464907,74.00755537409958,120.24038478176482,87.78025070173632,62.51247131549713,113.84600997513277,88.15137356827111,64.606191842859,125.97289218580718,90.17700528921371,67.67518190423601,73.84807193121209,91.00245229772474,65.0164758225116,78.18091569642311,80.75744636587655,60.30096832010962,77.07527174769666,109.0264580361472,82.93693311972177,64.1283330034385,104.32288572418085,75.7004779507089,100.63493574953583,79.02259935995774,60.43743704078022,76.89165906917064,115.26499677387496,88.37888446979365,66.75545676588372,117.71413931927772,92.18851938168267,73.66329625054567,90.99935814104114,63.95481390460366,91.58864852515609,70.31333166918532,115.49887632984212,82.0063513010351,58.657450016892334,51.80175173766075,132.5617072939654,104.04373714416495,80.81929465114196,62.595977154812786,78.25909875796478,92.26435958250804,67.42822383071172,88.45204882257849,66.95331145349516],"tasks":[3,6,5,9,12,7,11,7,5,7,4,9,14,9,8,3,11,8,9,10,7,6,10,13,8,10,9,9,11,5,9,6,9,5,5,6,8,4,7,11,7,10,7,3,10,9,3,7,12,5,13,10,8,10,9,6,11,12,8,14,8,5,6,7,13,7,6,4,7,9,9,3,10,8,9,12,5,7,8,6,10,10,6,7,8,5,7,4,10,8,8,5,14,10,6,11,6,7,8,7,null]}